{
"mod": 1,
"vfeff": "Feff8L (EXAFS)",
"vf85e": " 0.1",
"mpot": 1,
"nph": 2,
"ntitle": 2,
"ihole": 1,
"ipr1": 1,
"iafolp": 0,
"ixc": 0,
"ispec": 0,
"nmix": 1,
"nohole": -1,
"jumprm": 0,
"inters": 0,
"nscmt": 0,
"icoul": 0,
"lfms1": 0,
"iunf": 0,
"gamach": 0.8302423559572738E+001,
"rgrd": 0.5000000074505806E-001,
"ca1": 0.0000000000000000E+000,
"ecv": -0.4000000000000000E+002,
"totvol": 0.0000000000000000E+000,
"rfms1": -0.1000000000000000E+001,
"titles": [
    "Formula: Ag55Au92",
    "SpaceGroup: P1",
    "",
    "",
    "",
    "",
    "",
    "",
    "",
    "",
    "",
    "",
    "",
    "",
    "",
    "",
    "",
    "",
    "",
    "",
    "",
    "",
    "",
    "",
    "",
    "",
    "",
    "",
    "",
    ""
  ],
"iz": [
    47,
    79,
    47,
    0,
    0,
    0,
    0,
    0,
    0,
    0,
    0,
    0
  ],
"lmaxsc": [
    2,
    2,
    2,
    0,
    0,
    0,
    0,
    0,
    0,
    0,
    0,
    0
  ],
"xnatph": [
    0.1000000000000000E+001,
    0.8000000000000000E+002,
    0.5400000000000000E+002,
    0.0000000000000000E+000,
    0.0000000000000000E+000,
    0.0000000000000000E+000,
    0.0000000000000000E+000,
    0.0000000000000000E+000,
    0.0000000000000000E+000,
    0.0000000000000000E+000,
    0.0000000000000000E+000,
    0.0000000000000000E+000
  ],
"xion": [
    0.0000000000000000E+000,
    0.0000000000000000E+000,
    0.0000000000000000E+000,
    0.0000000000000000E+000,
    0.0000000000000000E+000,
    0.0000000000000000E+000,
    0.0000000000000000E+000,
    0.0000000000000000E+000,
    0.0000000000000000E+000,
    0.0000000000000000E+000,
    0.0000000000000000E+000,
    0.0000000000000000E+000
  ],
"folp": [
    0.1150000000000000E+001,
    0.1150000000000000E+001,
    0.1150000000000000E+001,
    0.1150000000000000E+001,
    0.1150000000000000E+001,
    0.1150000000000000E+001,
    0.1150000000000000E+001,
    0.1150000000000000E+001,
    0.1150000000000000E+001,
    0.1150000000000000E+001,
    0.1150000000000000E+001,
    0.1150000000000000E+001
  ],
"novr": [
    0,
    0,
    0,
    0,
    0,
    0,
    0,
    0,
    0,
    0,
    0,
    0
  ],
"iphovr0": [
    0,
    0,
    0,
    0,
    0,
    0,
    0,
    0
  ],
"nnovr0": [
    0,
    0,
    0,
    0,
    0,
    0,
    0,
    0
  ],
"rovr0": [
    0.0000000000000000E+000,
    0.0000000000000000E+000,
    0.0000000000000000E+000,
    0.0000000000000000E+000,
    0.0000000000000000E+000,
    0.0000000000000000E+000,
    0.0000000000000000E+000,
    0.0000000000000000E+000
  ],
"iphovr1": [
    0,
    0,
    0,
    0,
    0,
    0,
    0,
    0
  ],
"nnovr1": [
    0,
    0,
    0,
    0,
    0,
    0,
    0,
    0
  ],
"rovr1": [
    0.0000000000000000E+000,
    0.0000000000000000E+000,
    0.0000000000000000E+000,
    0.0000000000000000E+000,
    0.0000000000000000E+000,
    0.0000000000000000E+000,
    0.0000000000000000E+000,
    0.0000000000000000E+000
  ],
"iphovr2": [
    0,
    0,
    0,
    0,
    0,
    0,
    0,
    0
  ],
"nnovr2": [
    0,
    0,
    0,
    0,
    0,
    0,
    0,
    0
  ],
"rovr2": [
    0.0000000000000000E+000,
    0.0000000000000000E+000,
    0.0000000000000000E+000,
    0.0000000000000000E+000,
    0.0000000000000000E+000,
    0.0000000000000000E+000,
    0.0000000000000000E+000,
    0.0000000000000000E+000
  ]
}
