{
"vfeff": "Feff8L (EXAFS)",
"vf85e": " 0.1",
"ntitle": 8,
"title": [
    "Formula: Ag55Au92                              Feff8L (EXAFS)       0.1",
    "SpaceGroup: P1",
    "POT  Non-SCF, core-hole, AFOLP (folp(0)= 1.150)",
    "Abs   Z=47 Rmt= 1.558 Rnm= 1.611 K  shell",
    "Pot 1 Z=79 Rmt= 1.593 Rnm= 1.655",
    "Pot 2 Z=47 Rmt= 1.519 Rnm= 1.565",
    "Gam_ch=8.302E+00 H-L exch",
    "Mu=-1.286E+00 kf=1.700E+00 Vint=-1.230E+01 Rs_int= 2.133"
  ],
"s02": 0.9226298929259629E+000,
"erelax": 0.4593856722604724E+001,
"wp": 0.5560291441314799E+000,
"edge": -0.4724581781838436E-001,
"emu": 0.9386403632458415E+003,
"gamach": 0.8302423559572738E+001,
"ne": 83,
"ne1": 59,
"ik0": 1,
"ereal": [
    -0.1285624186486651E+001,
    -0.1247524365675210E+001,
    -0.1133224903240889E+001,
    -0.9427257991836854E+000,
    -0.6760270535036014E+000,
    -0.3331286662006359E+000,
    0.8596936272521094E-001,
    0.5812670332739386E+000,
    0.1152764345445547E+001,
    0.1800461299240038E+001,
    0.2524357894657409E+001,
    0.3324454131697661E+001,
    0.4200750010360797E+001,
    0.5153245530646811E+001,
    0.6181940692555707E+001,
    0.7286835496087485E+001,
    0.8467929941242142E+001,
    0.9725224028019683E+001,
    0.1105871775642010E+002,
    0.1246841112644340E+002,
    0.1395430413808959E+002,
    0.1715468908625060E+002,
    0.2065987260090313E+002,
    0.2446985468204720E+002,
    0.2858463532968278E+002,
    0.3300421454380989E+002,
    0.3772859232442852E+002,
    0.4275776867153868E+002,
    0.4809174358514036E+002,
    0.5373051706523356E+002,
    0.5967408911181831E+002,
    0.6592245972489455E+002,
    0.7247562890446237E+002,
    0.7933359665052166E+002,
    0.8649636296307251E+002,
    0.9396392784211483E+002,
    0.1017362912876487E+003,
    0.1098134532996741E+003,
    0.1181954138781911E+003,
    0.1268821730231995E+003,
    0.1358737307346995E+003,
    0.1596861187418499E+003,
    0.1854034977895723E+003,
    0.2130258678778667E+003,
    0.2425532290067332E+003,
    0.2739855811761717E+003,
    0.3073229243861823E+003,
    0.3425652586367648E+003,
    0.3797125839279192E+003,
    0.4597222076319446E+003,
    0.5473517954982580E+003,
    0.6426013475268593E+003,
    0.7454708637177490E+003,
    0.8559603440709269E+003,
    0.9740697885863926E+003,
    0.1099799197264147E+004,
    0.1233148570104189E+004,
    0.1374117907106519E+004,
    0.1522707208271137E+004,
    -0.1285624186486651E+001,
    -0.1285624186486651E+001,
    -0.1285624186486651E+001,
    -0.1285624186486651E+001,
    -0.1285624186486651E+001,
    -0.1285624186486651E+001,
    -0.1285624186486651E+001,
    -0.1285624186486651E+001,
    -0.1285624186486651E+001,
    -0.1285624186486651E+001,
    -0.1285624186486651E+001,
    -0.1285624186486651E+001,
    -0.1285624186486651E+001,
    -0.1285624186486651E+001,
    -0.1285624186486651E+001,
    -0.1285624186486651E+001,
    -0.1285624186486651E+001,
    -0.1285624186486651E+001,
    -0.1285624186486651E+001,
    -0.1285624186486651E+001,
    -0.1285624186486651E+001,
    -0.1285624186486651E+001,
    -0.1285624186486651E+001,
    -0.1285624186486651E+001
  ],
"eimag": [
    0.4151211779786369E+001,
    0.4151211779786369E+001,
    0.4151211779786369E+001,
    0.4151211779786369E+001,
    0.4151211779786369E+001,
    0.4151211779786369E+001,
    0.4151211779786369E+001,
    0.4151211779786369E+001,
    0.4151211779786369E+001,
    0.4151211779786369E+001,
    0.4151211779786369E+001,
    0.4151211779786369E+001,
    0.4151211779786369E+001,
    0.4151211779786369E+001,
    0.4151211779786369E+001,
    0.4151211779786369E+001,
    0.4151211779786369E+001,
    0.4151211779786369E+001,
    0.4151211779786369E+001,
    0.4151211779786369E+001,
    0.4151211779786369E+001,
    0.4151211779786369E+001,
    0.4151211779786369E+001,
    0.4151211779786369E+001,
    0.4151211779786369E+001,
    0.4151211779786369E+001,
    0.4151211779786369E+001,
    0.4151211779786369E+001,
    0.4151211779786369E+001,
    0.4151211779786369E+001,
    0.4151211779786369E+001,
    0.4151211779786369E+001,
    0.4151211779786369E+001,
    0.4151211779786369E+001,
    0.4151211779786369E+001,
    0.4151211779786369E+001,
    0.4151211779786369E+001,
    0.4151211779786369E+001,
    0.4151211779786369E+001,
    0.4151211779786369E+001,
    0.4151211779786369E+001,
    0.4151211779786369E+001,
    0.4151211779786369E+001,
    0.4151211779786369E+001,
    0.4151211779786369E+001,
    0.4151211779786369E+001,
    0.4151211779786369E+001,
    0.4151211779786369E+001,
    0.4151211779786369E+001,
    0.4151211779786369E+001,
    0.4151211779786369E+001,
    0.4151211779786369E+001,
    0.4151211779786369E+001,
    0.4151211779786369E+001,
    0.4151211779786369E+001,
    0.4151211779786369E+001,
    0.4151211779786369E+001,
    0.4151211779786369E+001,
    0.4151211779786369E+001,
    0.5000000000000000E-002,
    0.1000000000000000E-001,
    0.1232078278575474E-001,
    0.1838044805406233E-001,
    0.2742040636076261E-001,
    0.4090643942834545E-001,
    0.6102523663177238E-001,
    0.9103895518668080E-001,
    0.1358141617949473E+000,
    0.2026109208551498E+000,
    0.3022599757435531E+000,
    0.4509188969226838E+000,
    0.6726919470624179E+000,
    0.1003538460532109E+001,
    0.1497103460454700E+001,
    0.2233415917230532E+001,
    0.3331865025429640E+001,
    0.4970558534143094E+001,
    0.7415201982306258E+001,
    0.1106218145520299E+002,
    0.1650283550466105E+002,
    0.2461933758696460E+002,
    0.3672773585180182E+002,
    0.5479134343216271E+002
  ],
"xsnorm": [
    0.8682384728701550E-004,
    0.8679093881507261E-004,
    0.8669292176819014E-004,
    0.8652998672515345E-004,
    0.8630350861136426E-004,
    0.8601400100853174E-004,
    0.8566238094239068E-004,
    0.8524843601893780E-004,
    0.8477297038817668E-004,
    0.8423720784884356E-004,
    0.8364400310333404E-004,
    0.8299807837440180E-004,
    0.8230689996354637E-004,
    0.8158003543717667E-004,
    0.8083025860855940E-004,
    0.8007256054263655E-004,
    0.7932389970059198E-004,
    0.7860275617795789E-004,
    0.7792949699604545E-004,
    0.7732555379973329E-004,
    0.7677631232202542E-004,
    0.7554010688142121E-004,
    0.7443623652337631E-004,
    0.7434022022116716E-004,
    0.7488557063072289E-004,
    0.7572659221033988E-004,
    0.7684136973227333E-004,
    0.7794240107572419E-004,
    0.7894052852286053E-004,
    0.7984267658414854E-004,
    0.8049570924525481E-004,
    0.8089187809033908E-004,
    0.8110094823249204E-004,
    0.8112543189391781E-004,
    0.8095667279814555E-004,
    0.8079894125701530E-004,
    0.8063138453700085E-004,
    0.8052128394283513E-004,
    0.8052649247025400E-004,
    0.8058919470892824E-004,
    0.8070288988551390E-004,
    0.8076852345801910E-004,
    0.8040846212341014E-004,
    0.7944790265842591E-004,
    0.7893178588196845E-004,
    0.7891753288192732E-004,
    0.7906505180917634E-004,
    0.7900467296061801E-004,
    0.7865651317921275E-004,
    0.7804291759054919E-004,
    0.7748404539801718E-004,
    0.7657251130297207E-004,
    0.7580636545662297E-004,
    0.7478012847481584E-004,
    0.7381085661806011E-004,
    0.7277490484510046E-004,
    0.7172079909808241E-004,
    0.7072344312033915E-004,
    0.6969729057793894E-004,
    0.8269322579515479E-004,
    0.8269324763804317E-004,
    0.8269326272537327E-004,
    0.8269331691538406E-004,
    0.8269343750859416E-004,
    0.8269370588829804E-004,
    0.8269430316212255E-004,
    0.8269563232906799E-004,
    0.8269858996150817E-004,
    0.8270516997279405E-004,
    0.8271980250964534E-004,
    0.8275231065349958E-004,
    0.8282437607376964E-004,
    0.8298336324742747E-004,
    0.8333031205055086E-004,
    0.8406894124718900E-004,
    0.8555071423439002E-004,
    0.8810843477687908E-004,
    0.9085945351323463E-004,
    0.8910418322920376E-004,
    0.7780972501738990E-004,
    0.6107366593488985E-004,
    0.4456982082669134E-004,
    0.2913461415642017E-004
  ],