{
"vfeff": "Feff8L (EXAFS)",
"vf85e": " 0.1",
"ntitle": 8,
"title": [
    "Formula: Fe2O3                                 Feff8L (EXAFS)       0.1",
    "SpaceGroup: R-3c",
    "POT  Non-SCF, core-hole, AFOLP (folp(0)= 1.150)",
    "Abs   Z=26 Rmt= 1.286 Rnm= 1.378 K  shell",
    "Pot 1 Z= 8 Rmt= 1.012 Rnm= 1.086",
    "Pot 2 Z=26 Rmt= 1.289 Rnm= 1.385",
    "Gam_ch=1.309E+00 H-L exch",
    "Mu=-1.025E+00 kf=2.246E+00 Vint=-2.024E+01 Rs_int= 1.615"
  ],
"s02": 0.9411979606977590E+000,
"erelax": 0.2415949813005269E+001,
"wp": 0.8438607204405465E+000,
"edge": -0.3767553543576804E-001,
"emu": 0.2615295988812388E+003,
"gamach": 0.1308926501256764E+001,
"ne": 79,
"ne1": 59,
"ik0": 1,
"ereal": [
    -0.1025203538252873E+001,
    -0.9871037174414325E+000,
    -0.8728042550071107E+000,
    -0.6823051509499076E+000,
    -0.4156064052698235E+000,
    -0.7270801796685812E-001,
    0.3463900109589887E+000,
    0.8416876815077164E+000,
    0.1413184993679325E+001,
    0.2060881947473816E+001,
    0.2784778542891187E+001,
    0.3584874779931439E+001,
    0.4461170658594575E+001,
    0.5413666178880589E+001,
    0.6442361340789486E+001,
    0.7547256144321262E+001,
    0.8728350589475921E+001,
    0.9985644676253459E+001,
    0.1131913840465388E+002,
    0.1272883177467718E+002,
    0.1421472478632337E+002,
    0.1741510973448437E+002,
    0.2092029324913691E+002,
    0.2473027533028097E+002,
    0.2884505597791656E+002,
    0.3326463519204367E+002,
    0.3798901297266229E+002,
    0.4301818931977246E+002,
    0.4835216423337414E+002,
    0.5399093771346734E+002,
    0.5993450976005209E+002,
    0.6618288037312834E+002,
    0.7273604955269614E+002,
    0.7959401729875543E+002,
    0.8675678361130629E+002,
    0.9422434849034860E+002,
    0.1019967119358825E+003,
    0.1100738739479079E+003,
    0.1184558345264249E+003,
    0.1271425936714333E+003,
    0.1361341513829333E+003,
    0.1599465393900837E+003,
    0.1856639184378060E+003,
    0.2132862885261005E+003,
    0.2428136496549670E+003,
    0.2742460018244055E+003,
    0.3075833450344160E+003,
    0.3428256792849985E+003,
    0.3799730045761530E+003,
    0.4599826282801784E+003,
    0.5476122161464918E+003,
    0.6428617681750932E+003,
    0.7457312843659829E+003,
    0.8562207647191607E+003,
    0.9743302092346265E+003,
    0.1100059617912381E+004,
    0.1233408990752423E+004,
    0.1374378327754753E+004,
    0.1522967628919371E+004,
    -0.1025203538252873E+001,
    -0.1025203538252873E+001,
    -0.1025203538252873E+001,
    -0.1025203538252873E+001,
    -0.1025203538252873E+001,
    -0.1025203538252873E+001,
    -0.1025203538252873E+001,
    -0.1025203538252873E+001,
    -0.1025203538252873E+001,
    -0.1025203538252873E+001,
    -0.1025203538252873E+001,
    -0.1025203538252873E+001,
    -0.1025203538252873E+001,
    -0.1025203538252873E+001,
    -0.1025203538252873E+001,
    -0.1025203538252873E+001,
    -0.1025203538252873E+001,
    -0.1025203538252873E+001,
    -0.1025203538252873E+001,
    -0.1025203538252873E+001
  ],
"eimag": [
    0.6544632506283820E+000,
    0.6544632506283820E+000,
    0.6544632506283820E+000,
    0.6544632506283820E+000,
    0.6544632506283820E+000,
    0.6544632506283820E+000,
    0.6544632506283820E+000,
    0.6544632506283820E+000,
    0.6544632506283820E+000,
    0.6544632506283820E+000,
    0.6544632506283820E+000,
    0.6544632506283820E+000,
    0.6544632506283820E+000,
    0.6544632506283820E+000,
    0.6544632506283820E+000,
    0.6544632506283820E+000,
    0.6544632506283820E+000,
    0.6544632506283820E+000,
    0.6544632506283820E+000,
    0.6544632506283820E+000,
    0.6544632506283820E+000,
    0.6544632506283820E+000,
    0.6544632506283820E+000,
    0.6544632506283820E+000,
    0.6544632506283820E+000,
    0.6544632506283820E+000,
    0.6544632506283820E+000,
    0.6544632506283820E+000,
    0.6544632506283820E+000,
    0.6544632506283820E+000,
    0.6544632506283820E+000,
    0.6544632506283820E+000,
    0.6544632506283820E+000,
    0.6544632506283820E+000,
    0.6544632506283820E+000,
    0.6544632506283820E+000,
    0.6544632506283820E+000,
    0.6544632506283820E+000,
    0.6544632506283820E+000,
    0.6544632506283820E+000,
    0.6544632506283820E+000,
    0.6544632506283820E+000,
    0.6544632506283820E+000,
    0.6544632506283820E+000,
    0.6544632506283820E+000,
    0.6544632506283820E+000,
    0.6544632506283820E+000,
    0.6544632506283820E+000,
    0.6544632506283820E+000,
    0.6544632506283820E+000,
    0.6544632506283820E+000,
    0.6544632506283820E+000,
    0.6544632506283820E+000,
    0.6544632506283820E+000,
    0.6544632506283820E+000,
    0.6544632506283820E+000,
    0.6544632506283820E+000,
    0.6544632506283820E+000,
    0.6544632506283820E+000,
    0.5000000000000000E-002,
    0.1000000000000000E-001,
    0.1435283327037411E-001,
    0.2141191115387143E-001,
    0.3194281788304599E-001,
    0.4765308463018525E-001,
    0.7109004857009996E-001,
    0.1060538902133926E+000,
    0.1582138127012749E+000,
    0.2360272732957520E+000,
    0.3521113156195287E+000,
    0.5252883569601733E+000,
    0.7836381442965901E+000,
    0.1169050737675427E+001,
    0.1744018763259949E+001,
    0.2601770264180974E+001,
    0.3881385137693830E+001,
    0.5790346209469416E+001,
    0.8638181483179990E+001,
    0.1288665247931541E+002
  ],
"xsnorm": [
    0.2893763212019900E-003,
    0.2895940495545907E-003,
    0.2902399536162597E-003,
    0.2912964281866301E-003,
    0.2927329338249257E-003,
    0.2945105136041937E-003,
    0.2965799318975874E-003,
    0.2988842379785309E-003,
    0.3013616716978270E-003,
    0.3039465124943033E-003,
    0.3065713241296317E-003,
    0.3091687542011635E-003,
    0.3116718503916522E-003,
    0.3140182853276407E-003,
    0.3161493926294209E-003,
    0.3180128659026324E-003,
    0.3195603469545738E-003,
    0.3207538769427563E-003,
    0.3215617075285700E-003,
    0.3219601424714793E-003,
    0.3219361775259318E-003,
    0.3206137606652991E-003,
    0.3163953124652929E-003,
    0.3137703173158093E-003,
    0.3175315605861175E-003,
    0.3189722960419626E-003,
    0.3192481292836938E-003,
    0.3198162741362963E-003,
    0.3202440869308837E-003,
    0.3204387173335042E-003,
    0.3209169658689012E-003,
    0.3214857266613039E-003,
    0.3221012067213859E-003,
    0.3227131637750077E-003,
    0.3231934144818955E-003,
    0.3234434412669984E-003,
    0.3232993548552718E-003,
    0.3228455097442546E-003,
    0.3220166995439928E-003,
    0.3207712738315465E-003,
    0.3192818180215814E-003,
    0.3147335668751951E-003,
    0.3100312792864215E-003,
    0.3058761530501006E-003,
    0.3020257064239159E-003,
    0.2986530008787507E-003,
    0.2952381255842164E-003,
    0.2917897003841150E-003,
    0.2883731489962095E-003,
    0.2817590861504201E-003,
    0.2736568378105885E-003,
    0.2647839783013068E-003,
    0.2561730261046178E-003,
    0.2466837465333545E-003,
    0.2371506937596571E-003,
    0.2276232884194203E-003,
    0.2179105578311769E-003,
    0.2083482355893957E-003,
    0.1988901827712132E-003,
    0.2891818979518487E-003,
    0.2891819320145751E-003,
    0.2891819801593231E-003,
    0.2891820948237920E-003,
    0.2891823500136167E-003,
    0.2891829179498309E-003,
    0.2891841819077346E-003,
    0.2891869948662496E-003,
    0.2891932550698127E-003,
    0.2892071866719007E-003,
    0.2892381883041083E-003,
    0.2893071655200083E-003,
    0.2894605867904143E-003,
    0.2898015847983776E-003,
    0.2905582769759597E-003,
    0.2922313948950085E-003,
    0.2959011509476507E-003,
    0.3038050990853866E-003,
    0.3201273999592659E-003,
    0.3505460288531614E-003
  ],